"abbreviation"	"machine_readable_name"	"name"	"description"	"group"	"subgroup"	"unit"
"1"	"Total-C"	"Total_C"	"Total-C"	"Total cholesterol"	"Cholesterol"	"Cholesterol"	"mmol/l"
"2"	"VLDL-C"	"VLDL_C"	"VLDL-C"	"VLDL cholesterol"	"Cholesterol"	"Cholesterol"	"mmol/l"
"3"	"Remnant-C"	"Remnant_C"	"Remnant-C"	"Remnant cholesterol (non-HDL, non-LDL -cholesterol)"	"Cholesterol"	"Cholesterol"	"mmol/l"
"4"	"LDL-C"	"LDL_C"	"LDL-C"	"LDL cholesterol"	"Cholesterol"	"Cholesterol"	"mmol/l"
"5"	"HDL-C"	"HDL_C"	"HDL-C"	"HDL cholesterol"	"Cholesterol"	"Cholesterol"	"mmol/l"
"6"	"HDL2-C"	"HDL2_C"	"HDL2-C"	"HDL2 cholesterol"	"Cholesterol"	"Cholesterol"	"mmol/l"
"7"	"HDL3-C"	"HDL3_C"	"HDL3-C"	"HDL3 cholesterol"	"Cholesterol"	"Cholesterol"	"mmol/l"
"8"	"Esterified-C"	"Esterified_C"	"Esterified-C"	"Total esterified cholesterol"	"Cholesterol"	"Cholesterol"	"mmol/l"
"9"	"Free-C"	"Free_C"	"Free-C"	"Total free cholesterol"	"Cholesterol"	"Cholesterol"	"mmol/l"
"10"	"Total-TG"	"Total_TG"	"Total triglycerides"	"Total triglycerides"	"Glycerides and phospholipids"	"Glycerides and phospholipids"	"mmol/l"
"11"	"VLDL-TG"	"VLDL_TG"	"VLDL-TG"	"Triglycerides in VLDL"	"Glycerides and phospholipids"	"Glycerides and phospholipids"	"mmol/l"
"12"	"LDL-TG"	"LDL_TG"	"LDL-TG"	"Triglycerides in LDL"	"Glycerides and phospholipids"	"Glycerides and phospholipids"	"mmol/l"
"13"	"HDL-TG"	"HDL_TG"	"HDL-TG"	"Triglycerides in HDL"	"Glycerides and phospholipids"	"Glycerides and phospholipids"	"mmol/l"
"14"	"Phosphoglyc"	"Phosphoglyc"	"Phosphoglycerides"	"Phosphoglycerides"	"Glycerides and phospholipids"	"Glycerides and phospholipids"	"mmol/l"
"15"	"TG/PG"	"TG_by_PG"	"TG/PG"	"Ratio of triglycerides to phosphoglycerides"	"Glycerides and phospholipids"	"Glycerides and phospholipids"	"ratio"
"16"	"Cholines"	"Cholines"	"Total cholines"	"Total cholines"	"Glycerides and phospholipids"	"Glycerides and phospholipids"	"mmol/l"
"17"	"Phosphatidylc"	"Phosphatidylc"	"Phosphatidylcholines"	"Phosphatidylcholines"	"Glycerides and phospholipids"	"Glycerides and phospholipids"	"mmol/l"
"18"	"Sphingomyelins"	"Sphingomyelins"	"Sphingomyelins"	"Sphingomyelins"	"Glycerides and phospholipids"	"Glycerides and phospholipids"	"mmol/l"
"19"	"ApoB"	"ApoB"	"ApoB"	"Apolipoprotein B"	"Apolipoproteins"	"Apolipoproteins"	"g/l"
"20"	"ApoA1"	"ApoA1"	"ApoA1"	"Apolipoprotein A1"	"Apolipoproteins"	"Apolipoproteins"	"g/l"
"21"	"ApoB/ApoA1"	"ApoB_by_ApoA1"	"ApoB/ApoA1"	"Ratio of apolipoprotein B to apolipoprotein A1"	"Apolipoproteins"	"Apolipoproteins"	"ratio"
"22"	"Total-FA"	"Total_FA"	"Total fatty acids"	"Total fatty acids"	"Fatty acids"	"Fatty acids"	"mmol/l"
"23"	"Unsaturation"	"Unsaturation"	"Unsaturation"	"Degree of unsaturation"	"Fatty acids"	"Fatty acids"	"degree"
"24"	"Omega-3"	"Omega_3"	"Omega-3"	"Omega-3 fatty acids"	"Fatty acids"	"Fatty acids"	"mmol/l"
"25"	"Omega-6"	"Omega_6"	"Omega-6"	"Omega-6 fatty acids"	"Fatty acids"	"Fatty acids"	"mmol/l"
"26"	"PUFA"	"PUFA"	"PUFA"	"Polyunsaturated fatty acids"	"Fatty acids"	"Fatty acids"	"mmol/l"
"27"	"MUFA"	"MUFA"	"MUFA"	"Monounsaturated fatty acids"	"Fatty acids"	"Fatty acids"	"mmol/l"
"28"	"SFA"	"SFA"	"SFA"	"Saturated fatty acids"	"Fatty acids"	"Fatty acids"	"mmol/l"
"29"	"LA"	"LA"	"LA"	"Linoleic acid"	"Fatty acids"	"Fatty acids"	"mmol/l"
"30"	"DHA"	"DHA"	"DHA"	"Docosahexaenoic acid"	"Fatty acids"	"Fatty acids"	"mmol/l"
"31"	"Omega-3 %"	"Omega_3_pct"	"Omega-3 %"	"Ratio of omega-3 fatty acids to total fatty acids"	"Fatty acids"	"Fatty acid ratios"	"%"
"32"	"Omega-6 %"	"Omega_6_pct"	"Omega-6 %"	"Ratio of omega-6 fatty acids to total fatty acids"	"Fatty acids"	"Fatty acid ratios"	"%"
"33"	"PUFA %"	"PUFA_pct"	"PUFA %"	"Ratio of polyunsaturated fatty acids to total fatty acids"	"Fatty acids"	"Fatty acid ratios"	"%"
"34"	"MUFA %"	"MUFA_pct"	"MUFA %"	"Ratio of monounsaturated fatty acids to total fatty acids"	"Fatty acids"	"Fatty acid ratios"	"%"
"35"	"SFA %"	"SFA_pct"	"SFA %"	"Ratio of saturated fatty acids to total fatty acids"	"Fatty acids"	"Fatty acid ratios"	"%"
"36"	"LA %"	"LA_pct"	"LA %"	"Ratio of linoleic acid to total fatty acids"	"Fatty acids"	"Fatty acid ratios"	"%"
"37"	"DHA %"	"DHA_pct"	"DHA %"	"Ratio of docosahexaenoic acid to total fatty acids"	"Fatty acids"	"Fatty acid ratios"	"%"
"38"	"Ala"	"Ala"	"Alanine"	"Alanine"	"Amino acids"	"Amino acids"	"mmol/l"
"39"	"Gln"	"Gln"	"Glutamine"	"Glutamine"	"Amino acids"	"Amino acids"	"mmol/l"
"40"	"Gly"	"Gly"	"Glycine"	"Glycine"	"Amino acids"	"Amino acids"	"mmol/l"
"41"	"His"	"His"	"Histidine"	"Histidine"	"Amino acids"	"Amino acids"	"mmol/l"
"42"	"Ile"	"Ile"	"Isoleucine"	"Isoleucine"	"Amino acids"	"Branched-chain amino acids"	"mmol/l"
"43"	"Leu"	"Leu"	"Leucine"	"Leucine"	"Amino acids"	"Branched-chain amino acids"	"mmol/l"
"44"	"Val"	"Val"	"Valine"	"Valine"	"Amino acids"	"Branched-chain amino acids"	"mmol/l"
"45"	"Phe"	"Phe"	"Phenylalanine"	"Phenylalanine"	"Amino acids"	"Aromatic amino acids"	"mmol/l"
"46"	"Tyr"	"Tyr"	"Tyrosine"	"Tyrosine"	"Amino acids"	"Aromatic amino acids"	"mmol/l"
"47"	"Glucose"	"Glucose"	"Glucose"	"Glucose"	"Glycolysis related metabolites"	"Glycolysis related metabolites"	"mmol/l"
"48"	"Lactate"	"Lactate"	"Lactate"	"Lactate"	"Glycolysis related metabolites"	"Glycolysis related metabolites"	"mmol/l"
"49"	"Pyruvate"	"Pyruvate"	"Pyruvate"	"Pyruvate"	"Glycolysis related metabolites"	"Glycolysis related metabolites"	"mmol/l"
"50"	"Citrate"	"Citrate"	"Citrate"	"Citrate"	"Glycolysis related metabolites"	"Glycolysis related metabolites"	"mmol/l"
"51"	"Glycerol"	"Glycerol"	"Glycerol"	"Glycerol"	"Glycolysis related metabolites"	"Glycolysis related metabolites"	"mmol/l"
"52"	"Acetate"	"Acetate"	"Acetate"	"Acetate"	"Ketone bodies"	"Ketone bodies"	"mmol/l"
"53"	"Acetoacetate"	"Acetoacetate"	"Acetoacetate"	"Acetoacetate"	"Ketone bodies"	"Ketone bodies"	"mmol/l"
"54"	"bOHbutyrate"	"bOHbutyrate"	"3-hydroxybutyrate"	"Beta-hydroxybutyrate"	"Ketone bodies"	"Ketone bodies"	"mmol/l"
"55"	"Creatinine"	"Creatinine"	"Creatinine"	"Creatinine"	"Fluid balance"	"Fluid balance"	"mmol/l"
"56"	"Albumin"	"Albumin"	"Albumin"	"Albumin"	"Fluid balance"	"Fluid balance"	"signal area"
"57"	"GlycA"	"GlycA"	"Glycoprotein acetyls"	"Glycoprotein acetyls"	"Inflammation"	"Inflammation"	"mmol/l"
"58"	"XXL-VLDL-P"	"XXL_VLDL_P"	"XXL-VLDL-P"	"Concentration of chylomicrons and extremely large VLDL particles"	"Lipoprotein subclasses"	"Chylomicrons and extremely large VLDL"	"mol/l"
"59"	"XXL-VLDL-L"	"XXL_VLDL_L"	"XXL-VLDL-L"	"Total lipids in chylomicrons and extremely large VLDL"	"Lipoprotein subclasses"	"Chylomicrons and extremely large VLDL"	"mmol/l"
"60"	"XXL-VLDL-PL"	"XXL_VLDL_PL"	"XXL-VLDL-PL"	"Phospholipids in chylomicrons and extremely large VLDL"	"Lipoprotein subclasses"	"Chylomicrons and extremely large VLDL"	"mmol/l"
"61"	"XXL-VLDL-C"	"XXL_VLDL_C"	"XXL-VLDL-C"	"Cholesterol in chylomicrons and extremely large VLDL"	"Lipoprotein subclasses"	"Chylomicrons and extremely large VLDL"	"mmol/l"
"62"	"XXL-VLDL-CE"	"XXL_VLDL_CE"	"XXL-VLDL-CE"	"Cholesteryl esters in chylomicrons and extremely large VLDL"	"Lipoprotein subclasses"	"Chylomicrons and extremely large VLDL"	"mmol/l"
"63"	"XXL-VLDL-FC"	"XXL_VLDL_FC"	"XXL-VLDL-FC"	"Free cholesterol in chylomicrons and extremely large VLDL"	"Lipoprotein subclasses"	"Chylomicrons and extremely large VLDL"	"mmol/l"
"64"	"XXL-VLDL-TG"	"XXL_VLDL_TG"	"XXL-VLDL-TG"	"Triglycerides in chylomicrons and extremely large VLDL"	"Lipoprotein subclasses"	"Chylomicrons and extremely large VLDL"	"mmol/l"
"65"	"XL-VLDL-P"	"XL_VLDL_P"	"XL-VLDL-P"	"Concentration of very large VLDL particles"	"Lipoprotein subclasses"	"Very large VLDL"	"mol/l"
"66"	"XL-VLDL-L"	"XL_VLDL_L"	"XL-VLDL-L"	"Total lipids in very large VLDL"	"Lipoprotein subclasses"	"Very large VLDL"	"mmol/l"
"67"	"XL-VLDL-PL"	"XL_VLDL_PL"	"XL-VLDL-PL"	"Phospholipids in very large VLDL"	"Lipoprotein subclasses"	"Very large VLDL"	"mmol/l"
"68"	"XL-VLDL-C"	"XL_VLDL_C"	"XL-VLDL-C"	"Cholesterol in very large VLDL"	"Lipoprotein subclasses"	"Very large VLDL"	"mmol/l"
"69"	"XL-VLDL-CE"	"XL_VLDL_CE"	"XL-VLDL-CE"	"Cholesteryl esters in very large VLDL"	"Lipoprotein subclasses"	"Very large VLDL"	"mmol/l"
"70"	"XL-VLDL-FC"	"XL_VLDL_FC"	"XL-VLDL-FC"	"Free cholesterol in very large VLDL"	"Lipoprotein subclasses"	"Very large VLDL"	"mmol/l"
"71"	"XL-VLDL-TG"	"XL_VLDL_TG"	"XL-VLDL-TG"	"Triglycerides in very large VLDL"	"Lipoprotein subclasses"	"Very large VLDL"	"mmol/l"
"72"	"L-VLDL-P"	"L_VLDL_P"	"L-VLDL-P"	"Concentration of large VLDL particles"	"Lipoprotein subclasses"	"Large VLDL"	"mol/l"
"73"	"L-VLDL-L"	"L_VLDL_L"	"L-VLDL-L"	"Total lipids in large VLDL"	"Lipoprotein subclasses"	"Large VLDL"	"mmol/l"
"74"	"L-VLDL-PL"	"L_VLDL_PL"	"L-VLDL-PL"	"Phospholipids in large VLDL"	"Lipoprotein subclasses"	"Large VLDL"	"mmol/l"
"75"	"L-VLDL-C"	"L_VLDL_C"	"L-VLDL-C"	"Cholesterol in large VLDL"	"Lipoprotein subclasses"	"Large VLDL"	"mmol/l"
"76"	"L-VLDL-CE"	"L_VLDL_CE"	"L-VLDL-CE"	"Cholesteryl esters in large VLDL"	"Lipoprotein subclasses"	"Large VLDL"	"mmol/l"
"77"	"L-VLDL-FC"	"L_VLDL_FC"	"L-VLDL-FC"	"Free cholesterol in large VLDL"	"Lipoprotein subclasses"	"Large VLDL"	"mmol/l"
"78"	"L-VLDL-TG"	"L_VLDL_TG"	"L-VLDL-TG"	"Triglycerides in large VLDL"	"Lipoprotein subclasses"	"Large VLDL"	"mmol/l"
"79"	"M-VLDL-P"	"M_VLDL_P"	"M-VLDL-P"	"Concentration of medium VLDL particles"	"Lipoprotein subclasses"	"Medium VLDL"	"mol/l"
"80"	"M-VLDL-L"	"M_VLDL_L"	"M-VLDL-L"	"Total lipids in medium VLDL"	"Lipoprotein subclasses"	"Medium VLDL"	"mmol/l"
"81"	"M-VLDL-PL"	"M_VLDL_PL"	"M-VLDL-PL"	"Phospholipids in medium VLDL"	"Lipoprotein subclasses"	"Medium VLDL"	"mmol/l"
"82"	"M-VLDL-C"	"M_VLDL_C"	"M-VLDL-C"	"Cholesterol in medium VLDL"	"Lipoprotein subclasses"	"Medium VLDL"	"mmol/l"
"83"	"M-VLDL-CE"	"M_VLDL_CE"	"M-VLDL-CE"	"Cholesteryl esters in medium VLDL"	"Lipoprotein subclasses"	"Medium VLDL"	"mmol/l"
"84"	"M-VLDL-FC"	"M_VLDL_FC"	"M-VLDL-FC"	"Free cholesterol in medium VLDL"	"Lipoprotein subclasses"	"Medium VLDL"	"mmol/l"
"85"	"M-VLDL-TG"	"M_VLDL_TG"	"M-VLDL-TG"	"Triglycerides in medium VLDL"	"Lipoprotein subclasses"	"Medium VLDL"	"mmol/l"
"86"	"S-VLDL-P"	"S_VLDL_P"	"S-VLDL-P"	"Concentration of small VLDL particles"	"Lipoprotein subclasses"	"Small VLDL"	"mol/l"
"87"	"S-VLDL-L"	"S_VLDL_L"	"S-VLDL-L"	"Total lipids in small VLDL"	"Lipoprotein subclasses"	"Small VLDL"	"mmol/l"
"88"	"S-VLDL-PL"	"S_VLDL_PL"	"S-VLDL-PL"	"Phospholipids in small VLDL"	"Lipoprotein subclasses"	"Small VLDL"	"mmol/l"
"89"	"S-VLDL-C"	"S_VLDL_C"	"S-VLDL-C"	"Cholesterol in small VLDL"	"Lipoprotein subclasses"	"Small VLDL"	"mmol/l"
"90"	"S-VLDL-CE"	"S_VLDL_CE"	"S-VLDL-CE"	"Cholesteryl esters in small VLDL"	"Lipoprotein subclasses"	"Small VLDL"	"mmol/l"
"91"	"S-VLDL-FC"	"S_VLDL_FC"	"S-VLDL-FC"	"Free cholesterol in small VLDL"	"Lipoprotein subclasses"	"Small VLDL"	"mmol/l"
"92"	"S-VLDL-TG"	"S_VLDL_TG"	"S-VLDL-TG"	"Triglycerides in small VLDL"	"Lipoprotein subclasses"	"Small VLDL"	"mmol/l"
"93"	"XS-VLDL-P"	"XS_VLDL_P"	"XS-VLDL-P"	"Concentration of very small VLDL particles"	"Lipoprotein subclasses"	"Very small VLDL"	"mol/l"
"94"	"XS-VLDL-L"	"XS_VLDL_L"	"XS-VLDL-L"	"Total lipids in very small VLDL"	"Lipoprotein subclasses"	"Very small VLDL"	"mmol/l"
"95"	"XS-VLDL-PL"	"XS_VLDL_PL"	"XS-VLDL-PL"	"Phospholipids in very small VLDL"	"Lipoprotein subclasses"	"Very small VLDL"	"mmol/l"
"96"	"XS-VLDL-C"	"XS_VLDL_C"	"XS-VLDL-C"	"Cholesterol in very small VLDL"	"Lipoprotein subclasses"	"Very small VLDL"	"mmol/l"
"97"	"XS-VLDL-CE"	"XS_VLDL_CE"	"XS-VLDL-CE"	"Cholesteryl esters in very small VLDL"	"Lipoprotein subclasses"	"Very small VLDL"	"mmol/l"
"98"	"XS-VLDL-FC"	"XS_VLDL_FC"	"XS-VLDL-FC"	"Free cholesterol in very small VLDL"	"Lipoprotein subclasses"	"Very small VLDL"	"mmol/l"
"99"	"XS-VLDL-TG"	"XS_VLDL_TG"	"XS-VLDL-TG"	"Triglycerides in very small VLDL"	"Lipoprotein subclasses"	"Very small VLDL"	"mmol/l"
"100"	"IDL-P"	"IDL_P"	"IDL-P"	"Concentration of IDL particles"	"Lipoprotein subclasses"	"IDL"	"mol/l"
"101"	"IDL-L"	"IDL_L"	"IDL-L"	"Total lipids in IDL"	"Lipoprotein subclasses"	"IDL"	"mmol/l"
"102"	"IDL-PL"	"IDL_PL"	"IDL-PL"	"Phospholipids in IDL"	"Lipoprotein subclasses"	"IDL"	"mmol/l"
"103"	"IDL-C"	"IDL_C"	"IDL-C"	"Cholesterol in IDL"	"Lipoprotein subclasses"	"IDL"	"mmol/l"
"104"	"IDL-CE"	"IDL_CE"	"IDL-CE"	"Cholesteryl esters in IDL"	"Lipoprotein subclasses"	"IDL"	"mmol/l"
"105"	"IDL-FC"	"IDL_FC"	"IDL-FC"	"Free cholesterol in IDL"	"Lipoprotein subclasses"	"IDL"	"mmol/l"
"106"	"IDL-TG"	"IDL_TG"	"IDL-TG"	"Triglycerides in IDL"	"Lipoprotein subclasses"	"IDL"	"mmol/l"
"107"	"L-LDL-P"	"L_LDL_P"	"L-LDL-P"	"Concentration of large LDL particles"	"Lipoprotein subclasses"	"Large LDL"	"mol/l"
"108"	"L-LDL-L"	"L_LDL_L"	"L-LDL-L"	"Total lipids in large LDL"	"Lipoprotein subclasses"	"Large LDL"	"mmol/l"
"109"	"L-LDL-PL"	"L_LDL_PL"	"L-LDL-PL"	"Phospholipids in large LDL"	"Lipoprotein subclasses"	"Large LDL"	"mmol/l"
"110"	"L-LDL-C"	"L_LDL_C"	"L-LDL-C"	"Cholesterol in large LDL"	"Lipoprotein subclasses"	"Large LDL"	"mmol/l"
"111"	"L-LDL-CE"	"L_LDL_CE"	"L-LDL-CE"	"Cholesteryl esters in large LDL"	"Lipoprotein subclasses"	"Large LDL"	"mmol/l"
"112"	"L-LDL-FC"	"L_LDL_FC"	"L-LDL-FC"	"Free cholesterol in large LDL"	"Lipoprotein subclasses"	"Large LDL"	"mmol/l"
"113"	"L-LDL-TG"	"L_LDL_TG"	"L-LDL-TG"	"Triglycerides in large LDL"	"Lipoprotein subclasses"	"Large LDL"	"mmol/l"
"114"	"M-LDL-P"	"M_LDL_P"	"M-LDL-P"	"Concentration of medium LDL particles"	"Lipoprotein subclasses"	"Medium LDL"	"mol/l"
"115"	"M-LDL-L"	"M_LDL_L"	"M-LDL-L"	"Total lipids in medium LDL"	"Lipoprotein subclasses"	"Medium LDL"	"mmol/l"
"116"	"M-LDL-PL"	"M_LDL_PL"	"M-LDL-PL"	"Phospholipids in medium LDL"	"Lipoprotein subclasses"	"Medium LDL"	"mmol/l"
"117"	"M-LDL-C"	"M_LDL_C"	"M-LDL-C"	"Cholesterol in medium LDL"	"Lipoprotein subclasses"	"Medium LDL"	"mmol/l"
"118"	"M-LDL-CE"	"M_LDL_CE"	"M-LDL-CE"	"Cholesteryl esters in medium LDL"	"Lipoprotein subclasses"	"Medium LDL"	"mmol/l"
"119"	"M-LDL-FC"	"M_LDL_FC"	"M-LDL-FC"	"Free cholesterol in medium LDL"	"Lipoprotein subclasses"	"Medium LDL"	"mmol/l"
"120"	"M-LDL-TG"	"M_LDL_TG"	"M-LDL-TG"	"Triglycerides in medium LDL"	"Lipoprotein subclasses"	"Medium LDL"	"mmol/l"
"121"	"S-LDL-P"	"S_LDL_P"	"S-LDL-P"	"Concentration of small LDL particles"	"Lipoprotein subclasses"	"Small LDL"	"mol/l"
"122"	"S-LDL-L"	"S_LDL_L"	"S-LDL-L"	"Total lipids in small LDL"	"Lipoprotein subclasses"	"Small LDL"	"mmol/l"
"123"	"S-LDL-PL"	"S_LDL_PL"	"S-LDL-PL"	"Phospholipids in small LDL"	"Lipoprotein subclasses"	"Small LDL"	"mmol/l"
"124"	"S-LDL-C"	"S_LDL_C"	"S-LDL-C"	"Cholesterol in small LDL"	"Lipoprotein subclasses"	"Small LDL"	"mmol/l"
"125"	"S-LDL-CE"	"S_LDL_CE"	"S-LDL-CE"	"Cholesteryl esters in small LDL"	"Lipoprotein subclasses"	"Small LDL"	"mmol/l"
"126"	"S-LDL-FC"	"S_LDL_FC"	"S-LDL-FC"	"Free cholesterol in small LDL"	"Lipoprotein subclasses"	"Small LDL"	"mmol/l"
"127"	"S-LDL-TG"	"S_LDL_TG"	"S-LDL-TG"	"Triglycerides in small LDL"	"Lipoprotein subclasses"	"Small LDL"	"mmol/l"
"128"	"XL-HDL-P"	"XL_HDL_P"	"XL-HDL-P"	"Concentration of very large HDL particles"	"Lipoprotein subclasses"	"Very large HDL"	"mol/l"
"129"	"XL-HDL-L"	"XL_HDL_L"	"XL-HDL-L"	"Total lipids in very large HDL"	"Lipoprotein subclasses"	"Very large HDL"	"mmol/l"
"130"	"XL-HDL-PL"	"XL_HDL_PL"	"XL-HDL-PL"	"Phospholipids in very large HDL"	"Lipoprotein subclasses"	"Very large HDL"	"mmol/l"
"131"	"XL-HDL-C"	"XL_HDL_C"	"XL-HDL-C"	"Cholesterol in very large HDL"	"Lipoprotein subclasses"	"Very large HDL"	"mmol/l"
"132"	"XL-HDL-CE"	"XL_HDL_CE"	"XL-HDL-CE"	"Cholesteryl esters in very large HDL"	"Lipoprotein subclasses"	"Very large HDL"	"mmol/l"
"133"	"XL-HDL-FC"	"XL_HDL_FC"	"XL-HDL-FC"	"Free cholesterol in very large HDL"	"Lipoprotein subclasses"	"Very large HDL"	"mmol/l"
"134"	"XL-HDL-TG"	"XL_HDL_TG"	"XL-HDL-TG"	"Triglycerides in very large HDL"	"Lipoprotein subclasses"	"Very large HDL"	"mmol/l"
"135"	"L-HDL-P"	"L_HDL_P"	"L-HDL-P"	"Concentration of large HDL particles"	"Lipoprotein subclasses"	"Large HDL"	"mol/l"
"136"	"L-HDL-L"	"L_HDL_L"	"L-HDL-L"	"Total lipids in large HDL"	"Lipoprotein subclasses"	"Large HDL"	"mmol/l"
"137"	"L-HDL-PL"	"L_HDL_PL"	"L-HDL-PL"	"Phospholipids in large HDL"	"Lipoprotein subclasses"	"Large HDL"	"mmol/l"
"138"	"L-HDL-C"	"L_HDL_C"	"L-HDL-C"	"Cholesterol in large HDL"	"Lipoprotein subclasses"	"Large HDL"	"mmol/l"
"139"	"L-HDL-CE"	"L_HDL_CE"	"L-HDL-CE"	"Cholesteryl esters in large HDL"	"Lipoprotein subclasses"	"Large HDL"	"mmol/l"
"140"	"L-HDL-FC"	"L_HDL_FC"	"L-HDL-FC"	"Free cholesterol in large HDL"	"Lipoprotein subclasses"	"Large HDL"	"mmol/l"
"141"	"L-HDL-TG"	"L_HDL_TG"	"L-HDL-TG"	"Triglycerides in large HDL"	"Lipoprotein subclasses"	"Large HDL"	"mmol/l"
"142"	"M-HDL-P"	"M_HDL_P"	"M-HDL-P"	"Concentration of medium HDL particles"	"Lipoprotein subclasses"	"Medium HDL"	"mol/l"
"143"	"M-HDL-L"	"M_HDL_L"	"M-HDL-L"	"Total lipids in medium HDL"	"Lipoprotein subclasses"	"Medium HDL"	"mmol/l"
"144"	"M-HDL-PL"	"M_HDL_PL"	"M-HDL-PL"	"Phospholipids in medium HDL"	"Lipoprotein subclasses"	"Medium HDL"	"mmol/l"
"145"	"M-HDL-C"	"M_HDL_C"	"M-HDL-C"	"Cholesterol in medium HDL"	"Lipoprotein subclasses"	"Medium HDL"	"mmol/l"
"146"	"M-HDL-CE"	"M_HDL_CE"	"M-HDL-CE"	"Cholesteryl esters in medium HDL"	"Lipoprotein subclasses"	"Medium HDL"	"mmol/l"
"147"	"M-HDL-FC"	"M_HDL_FC"	"M-HDL-FC"	"Free cholesterol in medium HDL"	"Lipoprotein subclasses"	"Medium HDL"	"mmol/l"
"148"	"M-HDL-TG"	"M_HDL_TG"	"M-HDL-TG"	"Triglycerides in medium HDL"	"Lipoprotein subclasses"	"Medium HDL"	"mmol/l"
"149"	"S-HDL-P"	"S_HDL_P"	"S-HDL-P"	"Concentration of small HDL particles"	"Lipoprotein subclasses"	"Small HDL"	"mol/l"
"150"	"S-HDL-L"	"S_HDL_L"	"S-HDL-L"	"Total lipids in small HDL"	"Lipoprotein subclasses"	"Small HDL"	"mmol/l"
"151"	"S-HDL-PL"	"S_HDL_PL"	"S-HDL-PL"	"Phospholipids in small HDL"	"Lipoprotein subclasses"	"Small HDL"	"mmol/l"
"152"	"S-HDL-C"	"S_HDL_C"	"S-HDL-C"	"Cholesterol in small HDL"	"Lipoprotein subclasses"	"Small HDL"	"mmol/l"
"153"	"S-HDL-CE"	"S_HDL_CE"	"S-HDL-CE"	"Cholesteryl esters in small HDL"	"Lipoprotein subclasses"	"Small HDL"	"mmol/l"
"154"	"S-HDL-FC"	"S_HDL_FC"	"S-HDL-FC"	"Free cholesterol in small HDL"	"Lipoprotein subclasses"	"Small HDL"	"mmol/l"
"155"	"S-HDL-TG"	"S_HDL_TG"	"S-HDL-TG"	"Triglycerides in small HDL"	"Lipoprotein subclasses"	"Small HDL"	"mmol/l"
"156"	"VLDL size"	"VLDL_size"	"VLDL particle size"	"Average diameter for VLDL particles"	"Lipoprotein particle sizes"	"Lipoprotein particle sizes"	"nm"
"157"	"LDL size"	"LDL_size"	"LDL particle size"	"Average diameter for LDL particles"	"Lipoprotein particle sizes"	"Lipoprotein particle sizes"	"nm"
"158"	"HDL size"	"HDL_size"	"HDL particle size"	"Average diameter for HDL particles"	"Lipoprotein particle sizes"	"Lipoprotein particle sizes"	"nm"
"159"	"XXL-VLDL-PL %"	"XXL_VLDL_PL_pct"	"XXL-VLDL-PL %"	"Phospholipids to total lipids ratio in chylomicrons and extremely large VLDL"	"Relative lipoprotein lipid concentrations"	"Chylomicrons and extremely large VLDL ratios"	"%"
"160"	"XXL-VLDL-C %"	"XXL_VLDL_C_pct"	"XXL-VLDL-C %"	"Cholesterol to total lipids ratio in chylomicrons and extremely large VLDL"	"Relative lipoprotein lipid concentrations"	"Chylomicrons and extremely large VLDL ratios"	"%"
"161"	"XXL-VLDL-CE %"	"XXL_VLDL_CE_pct"	"XXL-VLDL-CE %"	"Cholesteryl esters to total lipids ratio in chylomicrons and extremely large VLDL"	"Relative lipoprotein lipid concentrations"	"Chylomicrons and extremely large VLDL ratios"	"%"
"162"	"XXL-VLDL-FC %"	"XXL_VLDL_FC_pct"	"XXL-VLDL-FC %"	"Free cholesterol to total lipids ratio in chylomicrons and extremely large VLDL"	"Relative lipoprotein lipid concentrations"	"Chylomicrons and extremely large VLDL ratios"	"%"
"163"	"XXL-VLDL-TG %"	"XXL_VLDL_TG_pct"	"XXL-VLDL-TG %"	"Triglycerides to total lipids ratio in chylomicrons and extremely large VLDL"	"Relative lipoprotein lipid concentrations"	"Chylomicrons and extremely large VLDL ratios"	"%"
"164"	"XL-VLDL-PL %"	"XL_VLDL_PL_pct"	"XL-VLDL-PL %"	"Phospholipids to total lipids ratio in very large VLDL"	"Relative lipoprotein lipid concentrations"	"Very large VLDL ratios"	"%"
"165"	"XL-VLDL-C %"	"XL_VLDL_C_pct"	"XL-VLDL-C %"	"Cholesterol to total lipids ratio in very large VLDL"	"Relative lipoprotein lipid concentrations"	"Very large VLDL ratios"	"%"
"166"	"XL-VLDL-CE %"	"XL_VLDL_CE_pct"	"XL-VLDL-CE %"	"Cholesteryl esters to total lipids ratio in very large VLDL"	"Relative lipoprotein lipid concentrations"	"Very large VLDL ratios"	"%"
"167"	"XL-VLDL-FC %"	"XL_VLDL_FC_pct"	"XL-VLDL-FC %"	"Free cholesterol to total lipids ratio in very large VLDL"	"Relative lipoprotein lipid concentrations"	"Very large VLDL ratios"	"%"
"168"	"XL-VLDL-TG %"	"XL_VLDL_TG_pct"	"XL-VLDL-TG %"	"Triglycerides to total lipids ratio in very large VLDL"	"Relative lipoprotein lipid concentrations"	"Very large VLDL ratios"	"%"
"169"	"L-VLDL-PL %"	"L_VLDL_PL_pct"	"L-VLDL-PL %"	"Phospholipids to total lipids ratio in large VLDL"	"Relative lipoprotein lipid concentrations"	"Large VLDL ratios"	"%"
"170"	"L-VLDL-C %"	"L_VLDL_C_pct"	"L-VLDL-C %"	"Cholesterol to total lipids ratio in large VLDL"	"Relative lipoprotein lipid concentrations"	"Large VLDL ratios"	"%"
"171"	"L-VLDL-CE %"	"L_VLDL_CE_pct"	"L-VLDL-CE %"	"Cholesteryl esters to total lipids ratio in large VLDL"	"Relative lipoprotein lipid concentrations"	"Large VLDL ratios"	"%"
"172"	"L-VLDL-FC %"	"L_VLDL_FC_pct"	"L-VLDL-FC %"	"Free cholesterol to total lipids ratio in large VLDL"	"Relative lipoprotein lipid concentrations"	"Large VLDL ratios"	"%"
"173"	"L-VLDL-TG %"	"L_VLDL_TG_pct"	"L-VLDL-TG %"	"Triglycerides to total lipids ratio in large VLDL"	"Relative lipoprotein lipid concentrations"	"Large VLDL ratios"	"%"
"174"	"M-VLDL-PL %"	"M_VLDL_PL_pct"	"M-VLDL-PL %"	"Phospholipids to total lipids ratio in medium VLDL"	"Relative lipoprotein lipid concentrations"	"Medium VLDL ratios"	"%"
"175"	"M-VLDL-C %"	"M_VLDL_C_pct"	"M-VLDL-C %"	"Cholesterol to total lipids ratio in medium VLDL"	"Relative lipoprotein lipid concentrations"	"Medium VLDL ratios"	"%"
"176"	"M-VLDL-CE %"	"M_VLDL_CE_pct"	"M-VLDL-CE %"	"Cholesteryl esters to total lipids ratio in medium VLDL"	"Relative lipoprotein lipid concentrations"	"Medium VLDL ratios"	"%"
"177"	"M-VLDL-FC %"	"M_VLDL_FC_pct"	"M-VLDL-FC %"	"Free cholesterol to total lipids ratio in medium VLDL"	"Relative lipoprotein lipid concentrations"	"Medium VLDL ratios"	"%"
"178"	"M-VLDL-TG %"	"M_VLDL_TG_pct"	"M-VLDL-TG %"	"Triglycerides to total lipids ratio in medium VLDL"	"Relative lipoprotein lipid concentrations"	"Medium VLDL ratios"	"%"
"179"	"S-VLDL-PL %"	"S_VLDL_PL_pct"	"S-VLDL-PL %"	"Phospholipids to total lipids ratio in small VLDL"	"Relative lipoprotein lipid concentrations"	"Small VLDL ratios"	"%"
"180"	"S-VLDL-C %"	"S_VLDL_C_pct"	"S-VLDL-C %"	"Cholesterol to total lipids ratio in small VLDL"	"Relative lipoprotein lipid concentrations"	"Small VLDL ratios"	"%"
"181"	"S-VLDL-CE %"	"S_VLDL_CE_pct"	"S-VLDL-CE %"	"Cholesteryl esters to total lipids ratio in small VLDL"	"Relative lipoprotein lipid concentrations"	"Small VLDL ratios"	"%"
"182"	"S-VLDL-FC %"	"S_VLDL_FC_pct"	"S-VLDL-FC %"	"Free cholesterol to total lipids ratio in small VLDL"	"Relative lipoprotein lipid concentrations"	"Small VLDL ratios"	"%"
"183"	"S-VLDL-TG %"	"S_VLDL_TG_pct"	"S-VLDL-TG %"	"Triglycerides to total lipids ratio in small VLDL"	"Relative lipoprotein lipid concentrations"	"Small VLDL ratios"	"%"
"184"	"XS-VLDL-PL %"	"XS_VLDL_PL_pct"	"XS-VLDL-PL %"	"Phospholipids to total lipids ratio in very small VLDL"	"Relative lipoprotein lipid concentrations"	"Very small VLDL ratios"	"%"
"185"	"XS-VLDL-C %"	"XS_VLDL_C_pct"	"XS-VLDL-C %"	"Cholesterol to total lipids ratio in very small VLDL"	"Relative lipoprotein lipid concentrations"	"Very small VLDL ratios"	"%"
"186"	"XS-VLDL-CE %"	"XS_VLDL_CE_pct"	"XS-VLDL-CE %"	"Cholesteryl esters to total lipids ratio in very small VLDL"	"Relative lipoprotein lipid concentrations"	"Very small VLDL ratios"	"%"
"187"	"XS-VLDL-FC %"	"XS_VLDL_FC_pct"	"XS-VLDL-FC %"	"Free cholesterol to total lipids ratio in very small VLDL"	"Relative lipoprotein lipid concentrations"	"Very small VLDL ratios"	"%"
"188"	"XS-VLDL-TG %"	"XS_VLDL_TG_pct"	"XS-VLDL-TG %"	"Triglycerides to total lipids ratio in very small VLDL"	"Relative lipoprotein lipid concentrations"	"Very small VLDL ratios"	"%"
"189"	"IDL-PL %"	"IDL_PL_pct"	"IDL-PL %"	"Phospholipids to total lipids ratio in IDL"	"Relative lipoprotein lipid concentrations"	"IDL ratios"	"%"
"190"	"IDL-C %"	"IDL_C_pct"	"IDL-C %"	"Cholesterol to total lipids ratio in IDL"	"Relative lipoprotein lipid concentrations"	"IDL ratios"	"%"
"191"	"IDL-CE %"	"IDL_CE_pct"	"IDL-CE %"	"Cholesteryl esters to total lipids ratio in IDL"	"Relative lipoprotein lipid concentrations"	"IDL ratios"	"%"
"192"	"IDL-FC %"	"IDL_FC_pct"	"IDL-FC %"	"Free cholesterol to total lipids ratio in IDL"	"Relative lipoprotein lipid concentrations"	"IDL ratios"	"%"
"193"	"IDL-TG %"	"IDL_TG_pct"	"IDL-TG %"	"Triglycerides to total lipids ratio in IDL"	"Relative lipoprotein lipid concentrations"	"IDL ratios"	"%"
"194"	"L-LDL-PL %"	"L_LDL_PL_pct"	"L-LDL-PL %"	"Phospholipids to total lipids ratio in large LDL"	"Relative lipoprotein lipid concentrations"	"Large LDL ratios"	"%"
"195"	"L-LDL-C %"	"L_LDL_C_pct"	"L-LDL-C %"	"Cholesterol to total lipids ratio in large LDL"	"Relative lipoprotein lipid concentrations"	"Large LDL ratios"	"%"
"196"	"L-LDL-CE %"	"L_LDL_CE_pct"	"L-LDL-CE %"	"Cholesteryl esters to total lipids ratio in large LDL"	"Relative lipoprotein lipid concentrations"	"Large LDL ratios"	"%"
"197"	"L-LDL-FC %"	"L_LDL_FC_pct"	"L-LDL-FC %"	"Free cholesterol to total lipids ratio in large LDL"	"Relative lipoprotein lipid concentrations"	"Large LDL ratios"	"%"
"198"	"L-LDL-TG %"	"L_LDL_TG_pct"	"L-LDL-TG %"	"Triglycerides to total lipids ratio in large LDL"	"Relative lipoprotein lipid concentrations"	"Large LDL ratios"	"%"
"199"	"M-LDL-PL %"	"M_LDL_PL_pct"	"M-LDL-PL %"	"Phospholipids to total lipids ratio in medium LDL"	"Relative lipoprotein lipid concentrations"	"Medium LDL ratios"	"%"
"200"	"M-LDL-C %"	"M_LDL_C_pct"	"M-LDL-C %"	"Cholesterol to total lipids ratio in medium LDL"	"Relative lipoprotein lipid concentrations"	"Medium LDL ratios"	"%"
"201"	"M-LDL-CE %"	"M_LDL_CE_pct"	"M-LDL-CE %"	"Cholesteryl esters to total lipids ratio in medium LDL"	"Relative lipoprotein lipid concentrations"	"Medium LDL ratios"	"%"
"202"	"M-LDL-FC %"	"M_LDL_FC_pct"	"M-LDL-FC %"	"Free cholesterol to total lipids ratio in medium LDL"	"Relative lipoprotein lipid concentrations"	"Medium LDL ratios"	"%"
"203"	"M-LDL-TG %"	"M_LDL_TG_pct"	"M-LDL-TG %"	"Triglycerides to total lipids ratio in medium LDL"	"Relative lipoprotein lipid concentrations"	"Medium LDL ratios"	"%"
"204"	"S-LDL-PL %"	"S_LDL_PL_pct"	"S-LDL-PL %"	"Phospholipids to total lipids ratio in small LDL"	"Relative lipoprotein lipid concentrations"	"Small LDL ratios"	"%"
"205"	"S-LDL-C %"	"S_LDL_C_pct"	"S-LDL-C %"	"Cholesterol to total lipids ratio in small LDL"	"Relative lipoprotein lipid concentrations"	"Small LDL ratios"	"%"
"206"	"S-LDL-CE %"	"S_LDL_CE_pct"	"S-LDL-CE %"	"Cholesteryl esters to total lipids ratio in small LDL"	"Relative lipoprotein lipid concentrations"	"Small LDL ratios"	"%"
"207"	"S-LDL-FC %"	"S_LDL_FC_pct"	"S-LDL-FC %"	"Free cholesterol to total lipids ratio in small LDL"	"Relative lipoprotein lipid concentrations"	"Small LDL ratios"	"%"
"208"	"S-LDL-TG %"	"S_LDL_TG_pct"	"S-LDL-TG %"	"Triglycerides to total lipids ratio in small LDL"	"Relative lipoprotein lipid concentrations"	"Small LDL ratios"	"%"
"209"	"XL-HDL-PL %"	"XL_HDL_PL_pct"	"XL-HDL-PL %"	"Phospholipids to total lipids ratio in very large HDL"	"Relative lipoprotein lipid concentrations"	"Very large HDL ratios"	"%"
"210"	"XL-HDL-C %"	"XL_HDL_C_pct"	"XL-HDL-C %"	"Cholesterol to total lipids ratio in very large HDL"	"Relative lipoprotein lipid concentrations"	"Very large HDL ratios"	"%"
"211"	"XL-HDL-CE %"	"XL_HDL_CE_pct"	"XL-HDL-CE %"	"Cholesteryl esters to total lipids ratio in very large HDL"	"Relative lipoprotein lipid concentrations"	"Very large HDL ratios"	"%"
"212"	"XL-HDL-FC %"	"XL_HDL_FC_pct"	"XL-HDL-FC %"	"Free cholesterol to total lipids ratio in very large HDL"	"Relative lipoprotein lipid concentrations"	"Very large HDL ratios"	"%"
"213"	"XL-HDL-TG %"	"XL_HDL_TG_pct"	"XL-HDL-TG %"	"Triglycerides to total lipids ratio in very large HDL"	"Relative lipoprotein lipid concentrations"	"Very large HDL ratios"	"%"
"214"	"L-HDL-PL %"	"L_HDL_PL_pct"	"L-HDL-PL %"	"Phospholipids to total lipids ratio in large HDL"	"Relative lipoprotein lipid concentrations"	"Large HDL ratios"	"%"
"215"	"L-HDL-C %"	"L_HDL_C_pct"	"L-HDL-C %"	"Cholesterol to total lipids ratio in large HDL"	"Relative lipoprotein lipid concentrations"	"Large HDL ratios"	"%"
"216"	"L-HDL-CE %"	"L_HDL_CE_pct"	"L-HDL-CE %"	"Cholesteryl esters to total lipids ratio in large HDL"	"Relative lipoprotein lipid concentrations"	"Large HDL ratios"	"%"
"217"	"L-HDL-FC %"	"L_HDL_FC_pct"	"L-HDL-FC %"	"Free cholesterol to total lipids ratio in large HDL"	"Relative lipoprotein lipid concentrations"	"Large HDL ratios"	"%"
"218"	"L-HDL-TG %"	"L_HDL_TG_pct"	"L-HDL-TG %"	"Triglycerides to total lipids ratio in large HDL"	"Relative lipoprotein lipid concentrations"	"Large HDL ratios"	"%"
"219"	"M-HDL-PL %"	"M_HDL_PL_pct"	"M-HDL-PL %"	"Phospholipids to total lipids ratio in medium HDL"	"Relative lipoprotein lipid concentrations"	"Medium HDL ratios"	"%"
"220"	"M-HDL-C %"	"M_HDL_C_pct"	"M-HDL-C %"	"Cholesterol to total lipids ratio in medium HDL"	"Relative lipoprotein lipid concentrations"	"Medium HDL ratios"	"%"
"221"	"M-HDL-CE %"	"M_HDL_CE_pct"	"M-HDL-CE %"	"Cholesteryl esters to total lipids ratio in medium HDL"	"Relative lipoprotein lipid concentrations"	"Medium HDL ratios"	"%"
"222"	"M-HDL-FC %"	"M_HDL_FC_pct"	"M-HDL-FC %"	"Free cholesterol to total lipids ratio in medium HDL"	"Relative lipoprotein lipid concentrations"	"Medium HDL ratios"	"%"
"223"	"M-HDL-TG %"	"M_HDL_TG_pct"	"M-HDL-TG %"	"Triglycerides to total lipids ratio in medium HDL"	"Relative lipoprotein lipid concentrations"	"Medium HDL ratios"	"%"
"224"	"S-HDL-PL %"	"S_HDL_PL_pct"	"S-HDL-PL %"	"Phospholipids to total lipids ratio in small HDL"	"Relative lipoprotein lipid concentrations"	"Small HDL ratios"	"%"
"225"	"S-HDL-C %"	"S_HDL_C_pct"	"S-HDL-C %"	"Cholesterol to total lipids ratio in small HDL"	"Relative lipoprotein lipid concentrations"	"Small HDL ratios"	"%"
"226"	"S-HDL-CE %"	"S_HDL_CE_pct"	"S-HDL-CE %"	"Cholesteryl esters to total lipids ratio in small HDL"	"Relative lipoprotein lipid concentrations"	"Small HDL ratios"	"%"
"227"	"S-HDL-FC %"	"S_HDL_FC_pct"	"S-HDL-FC %"	"Free cholesterol to total lipids ratio in small HDL"	"Relative lipoprotein lipid concentrations"	"Small HDL ratios"	"%"
"228"	"S-HDL-TG %"	"S_HDL_TG_pct"	"S-HDL-TG %"	"Triglycerides to total lipids ratio in small HDL"	"Relative lipoprotein lipid concentrations"	"Small HDL ratios"	"%"
